uid,brand,color,cpu_brand,cpu_core_number,cpu_main_frequency,depth,disk_capacity,disktype,foldability,goods_status,gpu_brand,gpu_series,height,intelligence,max_memory_capacity,memory_capacity,memory_slot_number,memory_type,mtm_number,os,pre_installed_software,product_cate1,product_cate2,product_item_name,product_name,ram,rom,scene,screen_size,screen_type,series,service_description,size,stock_number,target_audience,url,video_card_type,width
100001,联想,,,,,,,移动硬盘,,上架,,,,智能数码,,1,,,GXB0H43289,,,电脑配套设备,电脑组件,硬盘,联想+usb3.0+移动硬盘f309+灰+1tb,,,,,,,,,0,,https://item.lenovo.com.cn/product/48474.html,,
100002,联想,,,,,,,,,上架,,,,,,,,,GX40K27873,,,礼品箱包,包,背包,联想笔记本单肩包鼠套装tm200,,,,,,,,,0,,https://item.lenovo.com.cn/product/48070.html,,
100003,联想,黑色,,,,,,,,下架,,,,,,,,,43001850,,,综合办公用品,办公耗材,硒鼓,联想+ld201黑色原装硒鼓+(适用于lj2205/+m7206等睿省系列产品）,,,办公,,,,,,0,商务人士,https://item.lenovo.com.cn/product/50445.html,,
100004,联想,,,,,,,,,下架,,,,,,,,,43001663,,,综合办公用品,办公耗材,墨盒,联想lt2641h原装专用墨粉(适用于2650dn/m7650df/650dnf打印机),,,,,,,,,24,,https://item.lenovo.com.cn/product/50450.html,,
100005,联想,,,,,,,,,下架,,,,,,,,,43001661,,,综合办公用品,办公耗材,硒鼓,联想ld2441硒鼓(适用lj2400t+lj2400+m7400+m7450f打印机),,,,,,,,,11,,https://item.lenovo.com.cn/product/50448.html,,
100006,联想,黑色,,,,,,,,下架,,,,,,,,,43001505,,,综合办公用品,办公耗材,硒鼓,联想ld2922黑色硒鼓（适用m7205/m7250/m7250n/m7260/m7215打印机）,,,,,,,,,14,,https://item.lenovo.com.cn/product/50457.html,,
100007,,,,,,,,固态硬盘,,下架,,,,,,,,,31069117,,,电脑配套设备,电脑组件,硬盘,1tb固态硬盘升级服务sata3,,,,,,,,,16,,https://item.lenovo.com.cn/product/51612.html,,
100008,,,,,,,,固态硬盘,,下架,,,,,,,,,31070553,,,电脑配套设备,电脑组件,硬盘,128g固态硬盘升级服务ngff(80mm单面),,,,,,,,,0,,https://item.lenovo.com.cn/product/51555.html,,
100009,联想,,,,,,,,,下架,,,,,,,,,31056964,,,电脑配套设备,电脑组件,光驱,lenovo+12.7mm光驱托架,,,,,,,,,0,,https://item.lenovo.com.cn/product/51625.html,,
100010,,,,,,,,固态硬盘,,下架,,,,,,,,,31069115,,,电脑配套设备,电脑组件,硬盘,512g固态硬盘升级服务msata,,,,,,,,,18,,https://item.lenovo.com.cn/product/51608.html,,
100011,联想,,,,,,,,,上架,,,,,,,,,38013662,,,服务,电脑服务,电脑加速,【lenovo+专家1对1】电脑加速,,,,,,,"开机加速,系统加速,网络加速，本服务通过远程控制桌面进行操作",,32767,,https://item.lenovo.com.cn/product/51639.html,,
100012,联想,,,,,,,,,上架,,,,,,,,,38014239,,,服务,电脑服务,电脑加速,【lenovo+专家1对1】游戏加速,,,,,,,"网络提速,游戏优化,故障排除。本服务通过远程控制桌面进行操作，购买咨询4008901566。",,32767,,https://item.lenovo.com.cn/product/51642.html,,
100013,联想,,,,,,,,,上架,,,,,,,,,38014236,,,服务,电脑服务,安装,【lenovo+专家1对1】驱动安装,,,,,,,"驱动安装,驱动修复,驱动备份，本服务通过远程控制桌面进行操作",,32767,,https://item.lenovo.com.cn/product/51640.html,,
100014,,,,,,,,,,下架,,,,,,,,,38014237,,,服务,电脑服务,新机开荒,【lenovo+专家1对1】新机开荒,,,办公,,,,新机硬盘分区，新机安全防护，新机常用软件下载安装，驱动安装。注：如需安装付费软件，请提供安装介质。本服务通过远程控制桌面进行操作，购买咨询4008901566。,,844,商务人士,https://item.lenovo.com.cn/product/51644.html,,
100015,联想,,,,,,,,,上架,,,,,,,,,38013664,,,服务,电脑服务,维修检测,lenovo+专家1对1-上门服务,,,,,,,上门服务，为您进行系统安装、网络设置、软件调试等软件服务，全国2400+售后服务支持（如需安装付费软件，请提供安装介质）,,32767,,https://item.lenovo.com.cn/product/51641.html,,
100016,联想,,,,,,,,,上架,,,,,,,,,38014238,,,服务,电脑服务,浏览器修复,【lenovo+专家1对1】浏览器修复,,,,,,,"恢复网络连接,异常问题修复,恶意软件清除，本服务通过远程控制桌面进行操作",,32767,,https://item.lenovo.com.cn/product/51645.html,,
100017,联想,,,,,,,,,上架,,,,,,,,,38013663,,,服务,电脑服务,维修检测,【lenovo+专家1对1】应用指导,,,,,,,"安装下载,使用指导,技巧提示（如需安装付费软件，请提供安装介质），本服务通过远程控制桌面进行操作。",,32767,,https://item.lenovo.com.cn/product/51643.html,,
100018,,,,,,,,,,上架,,,,,,,,,dongde1463476936044,,,其他,其他,其他,糖豆儿,,,,,,,,,0,,https://item.lenovo.com.cn/product/51897.html,,
100019,,,,,,,,,,下架,,,,,,,,,38014008,,,服务,电脑服务,延保,thinkpad+延长1年基础保修（e/s/r/l）,,,办公,,,,延长1年保修，全国联保、原厂部件、免费维修。,,942,"商务人士,学生",https://item.lenovo.com.cn/product/51818.html,,
100020,,,,,,,,,,上架,,,,,,,,,dongde1463477337421,,,其他,其他,其他,懂陪伴,,,,,,,,,0,,https://item.lenovo.com.cn/product/51899.html,,
100021,,,,,,,,,,上架,,,,,,,,,dongde1463477026162,,,其他,其他,其他,大白话,,,,,,,,,0,,https://item.lenovo.com.cn/product/51898.html,,
100022,联想,,,,,283,,,,下架,,,385,,32,,,,48001739,,,综合办公用品,文印投影,打印机,联想+睿省m7216nwa+黑白激光有线+无线打印多功能一体机+复印,,,办公,,,,,385.0*340.0*283.0mm,18,商务人士,https://item.lenovo.com.cn/product/52972.html,,340
100023,,,,,,,,,,下架,,,,,,,,,38013996,,,服务,电脑服务,延保,thinkpad+延长1年基础保修（t/x/a）,,,办公,,,,延长1年保修，全国联保、原厂部件、免费维修。,,7748,"学生,商务人士",https://tk.lenovo.com.cn/product/52088.html,,
100024,小新,,,,,,,,,下架,,,,,,,,,GX40M38685,,,电脑,笔记本,笔记本,小新air+12笔记本保护壳+–+米黄色,,,,,,air,,,3,,https://item.lenovo.com.cn/product/58207.html,,
100025,,,,,,,,,,下架,,,,,,,,,38014008,,,服务,电脑服务,延保,thinkpad+延长1年基础保修（e/s/r/l）,,,办公,,,,延长1年保修，全国联保、原厂部件、免费维修。,,6998,"学生,商务人士",https://tk.lenovo.com.cn/product/52090.html,,
100026,,,,,,,,,,上架,,,,,,,,,102001359,,,服务,电脑服务,恢复,m4硬件开盘数据恢复服务-保内1t以下,,,,,,,此产品需拨打4009908888按4按5按2在线客服帮您提供具体方案，请勿自行下单支付，否则无法享受服务。下单时，请您务必正确填写客服经理编码，以便为您提供服务！,,32767,,https://item.lenovo.com.cn/product/58248.html,,
100027,thinkpad,磨砂黑,,,,,,,,上架,,,,,,,,,31056686,,,电脑配套设备,电脑外设,鼠标,thinkpad+蓝光鼠标（磨砂黑),,,办公,,,,,,0,商务人士,https://tk.lenovo.com.cn/product/53518.html,,
100028,,,,,,,,,,上架,,,,,,,,,102001360,,,服务,电脑服务,恢复,m4硬件开盘数据恢复服务-保内1t含以上,,,,,,,此产品需拨打4009908888按4按5按2在线客服帮您提供具体方案，请勿自行下单支付，否则无法享受服务。下单时，请您务必正确填写客服经理编码，以便为您提供服务,,32767,,https://item.lenovo.com.cn/product/58249.html,,
100029,,,,,,,,,,上架,,,,,,,,,102001357,,,服务,电脑服务,恢复,m4硬件不开盘数据恢复服务-保内,,,,,,,此产品需拨打4009908888按4按5按2在线客服帮您提供具体方案，请勿自行下单支付，否则无法享受服务。下单时，请您务必正确填写客服经理编码，以便为您提供服务！,,32767,,https://item.lenovo.com.cn/product/58246.html,,
100030,,,,,,,,,,上架,,,,,,,,,102001384,,,服务,电脑服务,恢复,普通8g硬件恢复+数据恢复,,,,,,,此产品需拨打4009908888按4按5按2在线客服帮您提供具体方案，请勿自行下单支付，否则无法享受服务。下单时，请您务必正确填写客服经理编码，以便为您提供服务！,,50,,https://item.lenovo.com.cn/product/58257.html,,
100031,,,,,,,,,,上架,,,,,,,,,102001358,,,服务,电脑服务,恢复,m4硬件不开盘数据恢复服务-保外及多品牌,,,,,,,此产品需拨打4009908888按4按5按2在线客服帮您提供具体方案，请勿自行下单支付，否则无法享受服务。下单时，请您务必正确填写客服经理编码，以便为您提供服务！,,32767,,https://item.lenovo.com.cn/product/58247.html,,
100032,,,,,,,,,,上架,,,,,,,,,102001386,,,服务,电脑服务,恢复,普通32g硬件恢复+数据恢复,,,,,,,此产品需拨打4009908888按4按5按2在线客服帮您提供具体方案，请勿自行下单支付，否则无法享受服务。下单时，请您务必正确填写客服经理编码，以便为您提供服务！,,49,,https://item.lenovo.com.cn/product/58259.html,,
100033,,,,,,,,,,上架,,,,,,,,,102001361,,,服务,电脑服务,恢复,m4硬件开盘数据恢复服务-保外及多品牌1t以下,,,,,,,此产品需拨打4009908888按4按5按2在线客服帮您提供具体方案，请勿自行下单支付，否则无法享受服务。下单时，请您务必正确填写客服经理编码，以便为您提供服务！,,32767,,https://item.lenovo.com.cn/product/58250.html,,
100034,,,,,,,,,,上架,,,,,,,,,102001387,,,服务,电脑服务,恢复,普通一体封装+数据恢复,,,,,,,此产品需拨打4009908888按4按5按2在线客服帮您提供具体方案，请勿自行下单支付，否则无法享受服务。下单时，请您务必正确填写客服经理编码，以便为您提供服务！,,50,,https://item.lenovo.com.cn/product/58260.html,,
100035,,,,,,,,,,上架,,,,,,,,,102001362,,,服务,电脑服务,恢复,m4硬件开盘数据恢复服务-保外及多品牌1t含以上,,,,,,,此产品需拨打4009908888按4按5按2在线客服帮您提供具体方案，请勿自行下单支付，否则无法享受服务。下单时，请您务必正确填写客服经理编码，以便为您提供服务！,,32767,,https://item.lenovo.com.cn/product/58251.html,,
100036,扬天,,,,,,,,,上架,,,,,,,,,38014119,,,服务,电脑服务,延保,扬天笔记本1年上门,,,办公,,,,保修期内1年全国免费上门服务，购买热线：400-990-8888,,0,"商务人士,学生",https://item.lenovo.com.cn/product/58400.html,,
100037,,,,,,,,,,上架,,,,,,,,,102001382,,,服务,电脑服务,恢复,远程数据恢复,,,,,,,此产品需联系在线客服帮您提供具体方案，请勿自行下单支付，否则无法享受服务。下单时，请您务必正确填写客服经理编码，以便为您提供服务！服务热线：4009908888按4按5按2,,32767,,https://item.lenovo.com.cn/product/58255.html,,
100038,,,,,,,,,,下架,,,,,,,,,38015004,,,服务,电脑服务,延保,扬天笔记本延长2年上门服务,,,办公,,,,保修期内2年全国免费上门服务，购买热线：400-990-8888,,800,"商务人士,学生",https://item.lenovo.com.cn/product/58401.html,,
100039,,,,,,,,,,下架,,,,,,,,,102001383,,,服务,电脑服务,恢复,普通软件恢复+数据恢复,,,,,,,此产品需拨打400-890-1566按3在线客服帮您提供具体方案，请勿自行下单支付，否则无法享受服务。下单时，请您务必正确填写客服经理编码，以便为您提供服务！,,37,,https://item.lenovo.com.cn/product/58256.html,,
100040,,,,,,,,,,下架,,,,,,,,,38015005,,,服务,电脑服务,延保,扬天笔记本延长3年上门服务,,,办公,,,,保修期内3年全国免费上门服务，购买热线：400-990-8888,,1000,"学生,商务人士",https://item.lenovo.com.cn/product/58402.html,,
100041,,,,,,,,,,上架,,,,,,,,,102001385,,,服务,电脑服务,恢复,普通16g硬件恢复+数据恢复,,,,,,,此产品需拨打4009908888按4按5按2在线客服帮您提供具体方案，请勿自行下单支付，否则无法享受服务。下单时，请您务必正确填写客服经理编码，以便为您提供服务！,,50,,https://item.lenovo.com.cn/product/58258.html,,
100042,,,,,,,,,,下架,,,,,,,,,38014986,,,服务,电脑服务,延保,扬天笔记本延长2年基础保修,,,办公,,,,延长2年保修，全国联保、原厂部件、免费维修,,996,"商务人士,学生",https://item.lenovo.com.cn/product/58403.html,,
100043,,,,,,,,,,上架,,,,,,,,,102001388,,,服务,电脑服务,恢复,加急软件恢复+数据恢复,,,,,,,此产品需拨打4009908888按4按5按2在线客服帮您提供具体方案，请勿自行下单支付，否则无法享受服务。下单时，请您务必正确填写客服经理编码，以便为您提供服务！,,44,,https://item.lenovo.com.cn/product/58261.html,,
100044,,,,,,,,,,下架,,,,,,,,,38015006,,,服务,电脑服务,延保,扬天笔记本延长4年上门服务,,,办公,,,,保修期内4年全国免费上门服务，购买热线：400-990-8888,,800,"商务人士,学生",https://item.lenovo.com.cn/product/58404.html,,
100045,,,,,,,,,,上架,,,,,,,,,102001389,,,服务,电脑服务,恢复,加急8g硬件恢复+数据恢复,,,,,,,此产品需拨打4009908888按4按5按2在线客服帮您提供具体方案，请勿自行下单支付，否则无法享受服务。下单时，请您务必正确填写客服经理编码，以便为您提供服务！,,50,,https://item.lenovo.com.cn/product/58262.html,,
100046,,,,,,,,,,下架,,,,,,,,,38014987,,,服务,电脑服务,延保,扬天笔记本延长3年基础保修,,,办公,,,,延长3年保修，全国联保、原厂部件、免费维修,,999,"商务人士,学生",https://item.lenovo.com.cn/product/58406.html,,
100047,,,,,,,,,,上架,,,,,,,,,102001390,,,服务,电脑服务,恢复,加急16g硬件恢复+数据恢复,,,,,,,此产品需拨打4009908888按4按5按2在线客服帮您提供具体方案，请勿自行下单支付，否则无法享受服务。下单时，请您务必正确填写客服经理编码，以便为您提供服务！,,50,,https://item.lenovo.com.cn/product/58263.html,,
100048,,,,,,,,,,下架,,,,,,,,,38015014,,,服务,电脑服务,延保,扬天一体机延长2年上门服务,,,办公,,,,扬天一体机延长2年保修服务，产品咨询热线：400-990-8888,,800,"学生,商务人士",https://item.lenovo.com.cn/product/58425.html,,
100049,,,,,,,,,,上架,,,,,,,,,102001391,,,服务,电脑服务,恢复,加急32g硬件恢复+数据恢复,,,,,,,此产品需拨打4009908888按4按5按2在线客服帮您提供具体方案，请勿自行下单支付，否则无法享受服务。下单时，请您务必正确填写客服经理编码，以便为您提供服务！,,50,,https://item.lenovo.com.cn/product/58264.html,,
100050,,,,,,,,,,下架,,,,,,,,,38015008,,,服务,电脑服务,延保,扬天分体台式机延长2年上门服务,,,办公,,,,保修期内2年全国免费上门服务，购买热线：400-990-8888,,799,"学生,商务人士",https://item.lenovo.com.cn/product/58429.html,,
100051,,,,,,,,,,上架,,,,,,,,,102001393,,,服务,电脑服务,恢复,加急一体封装+数据恢复,,,,,,,此产品需拨打4009908888按4按5按2在线客服帮您提供具体方案，请勿自行下单支付，否则无法享受服务。下单时，请您务必正确填写客服经理编码，以便为您提供服务！,,50,,https://item.lenovo.com.cn/product/58265.html,,
100052,,,,,,,,,,下架,,,,,,,,,38015013,,,服务,电脑服务,延保,扬天台式机显示器延长1年上门服务,,,办公,,,,保修期内延长1年全国免费上门服务，购买热线：400-990-8888,,800,"商务人士,学生",https://item.lenovo.com.cn/product/58431.html,,
100053,,,,,,,,,,上架,,,,,,,,,102001421,,,服务,电脑服务,恢复,m4数据恢复1对1专家服务-硬件保内,,,,,,,此产品需拨打4009908888按4按5按2在线客服帮您提供具体方案，请勿自行下单支付，否则无法享受服务。下单时，请您务必正确填写客服经理编码，以便为您提供服务！,,47,,https://item.lenovo.com.cn/product/58266.html,,
100054,,,,,,,,,,下架,,,,,,,,,38015227,,,服务,电脑服务,延保,thinkpad+延长4年基础保修（t/x/a）,,,办公,,,,延长4年保修，全国联保、原厂部件、免费维修。,,950,商务人士,https://item.lenovo.com.cn/product/58448.html,,
100055,,,,,,,,,,上架,,,,,,,,,102001423,,,服务,电脑服务,恢复,m4数据恢复1对1专家服务-软件和硬件保外及多品牌,,,,,,,此产品需联系在线客服帮您提供具体方案，请勿自行下单支付，否则无法享受服务。下单时，请您务必正确填写客服经理编码，以便为您提供服务！服务热线：4009908888按4按5按2,,32767,,https://item.lenovo.com.cn/product/58267.html,,
100056,,,,,,,,,,下架,,,,,,,,,38015234,,,服务,电脑服务,延保,thinkpad+延长3年基础保修（e/s/r/l）,,,办公,,,,延长3年保修，全国联保、原厂部件、免费维修。,,984,商务人士,https://item.lenovo.com.cn/product/58454.html,,
100057,联想,,,,,,,,,上架,,,,,,,,,38014240,,,服务,电脑服务,恢复,【lenovo+专家1对1】远程数据恢复,,,,,,,联想远程数据恢复，通过远程控制桌面进行操作，恢复成功率高达92%，不成功不收费，此产品购买前请先联系在线客服。【特别说明】服务范围：+机械硬盘、U盘、SD卡；+服务内容：+1.误删除+；2.误格式化；+3.误装系统+；4.提示未格式化；+5.U盘数据丢失；+6.磁盘变成RAW属性；+7.分区丢失；+8.回收站清空；+9.分区转换导致文件丢失；10.内存卡数据丢失；11.电脑只剩C盘；12.提示文件或目录损坏；13.其他情况造成的文件丢失。电话：4009908888按4按5按2,,32767,,https://item.lenovo.com.cn/product/58268.html,,
100058,,,,,,,,,,下架,,,,,,,,,38015235,,,服务,电脑服务,延保,thinkpad+延长4年基础保修（e/s/r/l）,,,办公,,,,延长4年保修，全国联保、原厂部件、免费维修。,,996,"商务人士,学生",https://item.lenovo.com.cn/product/58455.html,,
100059,,,,,,,,,,下架,,,,,,,,,102001349,,,服务,电脑服务,恢复,m4软件数据恢复服务,,,,,,,此产品需拨打400-890-1566按3在线客服帮您提供具体方案，请勿自行下单支付，否则无法享受服务。下单时，请您务必正确填写客服经理编码，以便为您提供服务！,,9998,,https://item.lenovo.com.cn/product/58269.html,,
100060,,,,,,,,,,下架,,,,,,,,,38013996,,,服务,电脑服务,延保,thinkpad+延长1年基础保修（t/x/a）,,,办公,,,,延长1年保修，全国联保、原厂部件、免费维修。,,882,"商务人士,学生",https://item.lenovo.com.cn/product/58603.html,,
100061,,,,,,,,,,下架,,,,,,,,,38014113,,,服务,电脑服务,延保,扬天分体台式机延长主要部件1年保修,,,办公,,,,延长1年保修，全国联保、原厂部件、免费维修,,797,"学生,商务人士",https://item.lenovo.com.cn/product/58426.html,,
100062,,,,,,,,,,下架,,,,,,,,,GXY0M66868,,,配件,贴膜,贴膜,联想小新12寸键盘贴纸c面（海滩）,,,,,,,,,15,,https://item.lenovo.com.cn/product/58903.html,,
100063,,,,,,,,,,下架,,,,,,,,,38014122,,,服务,电脑服务,延保,扬天台式机显示器延长1年保修服务,,,办公,,,,保修期内1年全国免费上门服务，购买热线：400-990-8888,,800,"商务人士,学生",https://item.lenovo.com.cn/product/58428.html,,
100064,thinklife,,,,,,,,,下架,,,,,,,,,4X30M68237,,,电脑配套设备,电脑外设,鼠标,thinklife+无线静音鼠标wlm200,,,,,,,,,0,,https://tk.lenovo.com.cn/product/59568.html,,
100065,,,,,,,,,,下架,,,,,,,,,38015011,,,服务,电脑服务,延保,扬天台式机显示器延长2年基础保修,,,办公,,,,保修期内2年全国免费上门服务，购买热线：400-990-8888,,800,"学生,商务人士",https://item.lenovo.com.cn/product/58430.html,,
100066,,,,,,,,,,上架,,,,,,,,,102001529,,,服务,电脑服务,恢复,m4软件数据恢复服务-拷贝活动版,,,,,,,此产品需联系在线客服帮您提供具体方案，请勿自行下单支付，否则无法享受服务。下单时，请您务必正确填写客服经理编码，以便为您提供服务！服务热线：4009908888按4按5按2,,46,,https://item.lenovo.com.cn/product/93910.html,,
100067,,,,,,,,,,下架,,,,,,,,,38014988,,,服务,电脑服务,延保,扬天分体台式机延长主要部件2年保修,,,办公,,,,延长2年保修，全国联保、原厂部件、免费维修,,798,"商务人士,学生",https://item.lenovo.com.cn/product/58432.html,,
100068,,,,,,,,,,上架,,,,,,,,,102001530,,,服务,电脑服务,恢复,m4硬件不开盘数据恢复服务-拷贝活动版,,,,,,,此产品需联系在线客服帮您提供具体方案，请勿自行下单支付，否则无法享受服务。下单时，请您务必正确填写客服经理编码，以便为您提供服务！服务热线：4009908888按4按5按2,,46,,https://item.lenovo.com.cn/product/93911.html,,
100069,,,,,,,,,,下架,,,,,,,,,38015012,,,服务,电脑服务,延保,扬天台式机显示器延长3年基础保修,,,办公,,,,保修期内3年全国免费上门服务，购买热线：400-990-8888,,800,"商务人士,学生",https://item.lenovo.com.cn/product/58433.html,,
100070,thinkpad,,,,,,,,,上架,,,,,,,,,4X20M26281,,,配件,充电类,充电器,thinkpad+usb+type-c+65w电源适配器,,,办公,,,,,,0,商务人士,https://tk.lenovo.com.cn/product/94646.html,,
100071,,,,,,,,,,下架,,,,,,,,,38015226,,,服务,电脑服务,延保,thinkpad+延长3年基础保修（t/x/a）,,,办公,,,,延长3年保修，全国联保、原厂部件、免费维修。,,962,商务人士,https://item.lenovo.com.cn/product/58446.html,,
100072,联想,,,,,,,,,上架,,,,,,,,,4X30M39458,,,产品套装,电子产品套装,键鼠套装,lenovo无线键鼠套装,,,办公,,,,,,500,商务人士,https://tk.lenovo.com.cn/product/94756.html,,
100073,thinkpad,,,,,,,,,上架,,,,,,,,,38015241,,,服务,电脑服务,延保,thinkpad+mini(x100e)笔记本2年延保,,,,,,,延长2年保修，全国联保、原厂部件、免费维修。,,0,,https://item.lenovo.com.cn/product/58458.html,,
100074,,,,,,,,,,下架,,,,,,,,,38018504,,,服务,电脑服务,维修检测,thinkpad笔记本180城市两年上门,,,,,,,保修期内2年180个城市上门服务，购买热线：400-890-1566,,100,,https://tk.lenovo.com.cn/product/99301.html,,
100075,,,,,,,,,,下架,,,,,,,,,38015233,,,服务,电脑服务,延保,thinkpad+延长2年基础保修（e/s/r/l）,,,办公,,,,延长2年保修，全国联保、原厂部件、免费维修。,,982,"商务人士,学生",https://item.lenovo.com.cn/product/58609.html,,
100076,linner,灰色,,,,,,,,上架,,,,,,,,,31078449,,,电子产品,其他数码产品,耳机,linner（聆耳）nc21+pro+灰色+入耳式降噪耳机,,,,,,,,,0,,https://item.lenovo.com.cn/product/100482.html,,
100077,,,,,,,,,,下架,,,,,,,,,38015534,,,服务,电脑服务,延保,thinkcentre延长1年保修服务,,,办公,,,,ThinkCentre分体台式机主要部件延长1年保修期，全国联保、原厂部件、免费维修，,,5900,"商务人士,学生",https://item.lenovo.com.cn/product/58613.html,,
100078,联想,白色,,,,,,,,下架,,,,,,,,,PG38C02413,,,电子产品,其他数码产品,耳机,联想+dp-20+双发声单元hi-fi耳机+白色,,,,,,,,,0,学生,https://item.lenovo.com.cn/product/100606.html,,
100079,联想,,,,,,,,,下架,,,,智能数码,,,,,GX30K79400,,,电脑配套设备,电脑外设,鼠标,联想n1901a-l300+无线光学鼠标+黑,,,,,,,,,8,,https://item.lenovo.com.cn/product/59119.html,,
100080,,,,,,,,,,下架,,,,,,,,,38018835,,,服务,电脑服务,服务包,thinkpad+2年全面保修（上门）（t/x/a）,,,,,,,ThinkPad+T/X/A增加1年保修（含意外保护及180个城市有限上门服务）;到货后3个工作日内完成注册保修服务，客服电话：4008901566转5,,193,,https://tk.lenovo.com.cn/product/1001824.html,,
100081,thinkpad,,,,,,,,,上架,,,,,,,,,4X40M67352,,,礼品箱包,包,背包,thinkpad双肩包b200,,,,,,,,,0,商务人士,https://tk.lenovo.com.cn/product/59556.html,,
100082,,,,,,,,,,下架,,,,,,,,,38018838,,,服务,电脑服务,服务包,thinkpad+3年全面保修（上门）（t/x/a）,,,,,,,ThinkPad+T/X/A增加2年保修（含意外保护及180个城市有限上门服务）;到货后3个工作日内完成注册保修服务，客服电话：4008901566转5,,182,,https://tk.lenovo.com.cn/product/1001827.html,,
100083,thinklife,灰色,,,,,,,,下架,,,,,,,,,4X40M52019,,,礼品箱包,包,背包,thinklife+15.6休闲时尚双肩包+灰色,,,,,,,,,0,商务人士,https://tk.lenovo.com.cn/product/59563.html,,
100084,,,,,,,,,,下架,,,,,,,,,38018847,,,服务,电脑服务,服务包,thinkpad+2年全面保修（上门）（e/s/r/l）,,,,,,,ThinkPad+E/S/R/L增加1年保修（含意外保护及180个城市有限上门服务）;到货后3个工作日内完成注册保修服务，客服电话：4008901566转5,,198,,https://tk.lenovo.com.cn/product/1001832.html,,
100085,thinkpad,磨砂黑,,,,,,,,下架,,,,,,,,,31056690,,,电脑配套设备,电脑外设,鼠标,thinkpad+无线蓝光鼠标+(磨砂黑),,,,,,,,,0,,https://tk.lenovo.com.cn/product/59591.html,,
100086,,,,,,,,,,下架,,,,,,,,,38018885,,,服务,电脑服务,延保,thinkpad+电池+延长2年基础保修,,,,,,,仅限ThinkPad+X/T系列机型，出厂电池部件保修延长2年,,5266,,https://tk.lenovo.com.cn/product/1001836.html,,
100087,,,,,,,,,,下架,,,,,,,,,38014989,,,服务,电脑服务,延保,扬天aio+lcd延长2年基础保修,,,办公,,LCD,,扬天AIO+LCD2年保修服务期限，全国联保、原厂部件、免费维修,,800,商务人士,https://item.lenovo.com.cn/product/59767.html,,
100088,,,,,,,,,,下架,,,,,,,,,38018837,,,服务,电脑服务,延保,thinkpad+3年基础保修（上门）（t/x/a）,,,,,,,ThinkPad+T/X/A增加2年基础保修（含180个城市有限上门服务）;到货后3个工作日内完成注册保修服务，客服电话：4008901566转5,,268,,https://tk.lenovo.com.cn/product/1001842.html,,
100089,,,,,,,,,,下架,,,,,,,,,38017953,,,服务,电脑服务,延保,台式整机升级延长1年送修服务,,,,,,,此产品只针对在保整机升级产品的延保，购买时请务必向销售人员提供产品SN号，否则无法享受服务，到货如需上门安装，请联系4009908888按4按5按1,,32767,,https://item.lenovo.com.cn/product/91742.html,,
100090,,,,,,,,,,下架,,,,,,,,,38018849,,,服务,电脑服务,延保,thinkpad+3年基础保修（上门）（e/s/r/l）,,,,,,,ThinkPad+E/S/R/L增加2年基础保修（含180个城市有限上门服务）;到货后3个工作日内完成注册保修服务，客服电话：4008901566转5,,98,,https://tk.lenovo.com.cn/product/1001846.html,,
100091,,,,,,,,,,上架,,,,,,,,,102001531,,,服务,电脑服务,恢复,m4硬件开盘数据恢复1t以下-拷贝活动版,,,,,,,此产品需联系在线客服帮您提供具体方案，请勿自行下单支付，否则无法享受服务。下单时，请您务必正确填写客服经理编码，以便为您提供服务！服务热线：4009908888按4按5按2,,28,,https://item.lenovo.com.cn/product/93721.html,,
100092,microsoft,,,,,,,,,上架,,,,,,,,,38018829,,,软件,应用软件,office正版,microsoft+365+家庭版1年,,,,,,,,,32767,,https://item.lenovo.com.cn/product/1001890.html,,
100093,,,,,,,,,,上架,,,,,,,,,102001532,,,服务,电脑服务,恢复,m4硬件开盘数据恢复服务1t以上-拷贝活动版,,,,,,,此产品需联系在线客服帮您提供具体方案，请勿自行下单支付，否则无法享受服务。下单时，请您务必正确填写客服经理编码，以便为您提供服务！服务热线：4009908888按4按5按2,,2030,,https://item.lenovo.com.cn/product/93908.html,,
100094,thinkpad,,,,,,,,,上架,,,,,,,,,4X40Q26383,,,礼品箱包,包,背包,thinkpad+时尚商务双肩包,,,,,,,,,0,商务人士,https://tk.lenovo.com.cn/product/1002020.html,,
100095,联想,,,,,,,移动硬盘,,上架,,,,智能数码,,1,,,GXB0H14196,,,电脑配套设备,电脑组件,硬盘,联想+usb3.0+移动硬盘f308+黑+1tb,,,,,,,,,98,,https://item.lenovo.com.cn/product/100703.html,,
100096,联想,,,,,,,,,上架,,,,智能数码,,,,,GXH0K79369,,,家用电器,环境调节电器,空气净化器,联想智能车载空气净化器ca10（黑）,,,,,,,,,112,,https://item.lenovo.com.cn/product/1002105.html,,
100097,摩影,黑色,,,,11,,,,上架,,,153,,,,,,ASMPRJTBLKCN,,,综合办公用品,文印投影,投影仪,摩影-投影模块+黑色,,,,,,,,153.0*74.0*11.0mm,0,,https://item.lenovo.com.cn/product/1000145.html,,74
100098,联想,,,,,,,,,上架,,,,智能数码,,,,,888019181,,,电脑配套设备,转接器及线材,转换器,联想usb-c拓展坞 lx0801,,,办公,,,,,,163,商务人士,https://item.lenovo.com.cn/product/1002255.html,,
100099,,,,,,,,,,下架,,,,,,,,,38015534,,,服务,电脑服务,延保,thinkcentre+延长1年基础保修,,,办公,,,,ThinkCentre分体台式机主要部件延长1年保修期，全国联保、原厂部件、免费维修，,,7899,"学生,商务人士",https://tk.lenovo.com.cn/product/1000250.html,,
100100,yoga,,Intel,,1.6GHz,13.95,512,固态硬盘,,下架,,,323,,,8,,ddr4,81EQCTO1WW,Windows+10+家庭中文版,正版office家庭和学生版2016,电脑,笔记本,笔记本,yoga++13.9英寸触控笔记本+暮光咖,,,,13.9英寸,,,,323.0*223.5*13.95mm,0,,https://item.lenovo.com.cn/product/1002297.html,集成显卡,223.5
100101,联想,,,,,,,,,上架,,,,,,,,,102001519,,,服务,电脑服务,安装,【lenovo+专家1对1】重装系统,,,,,,,本服务通过远程控制桌面进行重装系统操作，让电脑重新恢复活力，速度更快；清除电脑存在的潜在威胁，让你的数据更安全（注：此产品不包含正版系统的激活），,,32767,,https://item.lenovo.com.cn/product/1000630.html,,
100102,thinkplus,,,,,,,,,上架,,,,,,,,,4Y50Q90262,,,电脑配套设备,电脑外设,鼠标,thinkplus+便携蓝牙鼠标,,,,,,,,,0,,https://tk.lenovo.com.cn/product/1002313.html,,
100103,thinkplus,倩影红,,,,,,,,下架,,,,,,,,,36002927,,,配件,充电类,充电器,thinkplus+随身充+倩影红+cta12,,,,,,,,,2,,https://tk.lenovo.com.cn/product/1000887.html,,
100104,指思,,,,,,,,,下架,,,,智能数码,,,,,888019657,,,电脑配套设备,电脑外设,鼠标,指思智能指纹鼠标(铅黑)(兑换专用),,,,,,,,,92,,https://item.lenovo.com.cn/product/1002707.html,,
100105,,,,,,,,,,下架,,,,,,,,,38018833,,,服务,电脑服务,延保,thinkpad+2年基础保修（t/x/a）,,,,,,,ThinkPad+T/X/A增加1年基础保修（送修）;到货后3个工作日内完成注册保修服务，客服电话：4008901566转5,,676,,https://tk.lenovo.com.cn/product/1001823.html,,
100106,,,,,,,,,,下架,,,,智能数码,,,,,30120074,,,服务,电脑服务,维修检测,联想hv05车载充气泵快速充气胎压检测照明,,,,,,,车载充气泵,,242,,https://item.lenovo.com.cn/product/1002796.html,,
100107,,,,,,,,,,下架,,,,,,,,,38018836,,,服务,电脑服务,延保,thinkpad+3年基础保修（t/x/a）,,,,,,,ThinkPad+T/X/A增加2年基础保修（送修）;到货后3个工作日内完成注册保修服务，客服电话：4008901566转5,,153,,https://tk.lenovo.com.cn/product/1001826.html,,
100108,,,,,,,,固态硬盘,,下架,,,,,,,,,16009220,,,电脑配套设备,电脑组件,硬盘,128g固态硬盘升级服务msata,,,,,,,,,0,,https://item.lenovo.com.cn/product/1002839.html,,
100109,,,,,,,,,,下架,,,,,,,,,38018845,,,服务,电脑服务,延保,thinkpad+2年基础保修（e/s/r/l）,,,,,,,ThinkPad+E/S/R/L增加1年基础保修（送修）;到货后3个工作日内完成注册保修服务，客服电话：4008901566转5,,196,,https://tk.lenovo.com.cn/product/1001831.html,,
100110,联想,,,,,,,,,下架,,,,智能数码,,,,,30120007,,,电脑配套设备,转接器及线材,充电线,联想hc05一拖三多功能车载充电器,,,,,,,,,785,,https://item.lenovo.com.cn/product/1002911.html,,
100111,,,,,,,,,,下架,,,,,,,,,38018848,,,服务,电脑服务,延保,thinkpad+3年基础保修（e/s/r/l）,,,,,,,ThinkPad+E/S/R/L增加2年基础保修（送修）;到货后3个工作日内完成注册保修服务，客服电话：4008901566转5,,195,,https://tk.lenovo.com.cn/product/1001833.html,,
100112,,,,,,,,,,下架,,,,,,128,,,16009238,,,其他,其他,其他,加速度-超极盘升级e42ls+128g,,,,,,,,,25,,https://item.lenovo.com.cn/product/1002935.html,,
100113,,,,,,,,,,下架,,,,,,,,,38018850,,,服务,电脑服务,服务包,thinkpad+3年全面保修（上门）（e/s/r/l）,,,,,,,ThinkPad+E/S/R/L增加2年保修（含意外保护及180个城市有限上门服务）;到货后3个工作日内完成注册保修服务，客服电话：4008901566转5,,195,,https://tk.lenovo.com.cn/product/1001834.html,,
100114,lecoo,,,,,,,,,上架,,,,智能摄像机,,,,,le070101002,,,电子产品,摄影器材,成长记录仪,联想lecoo“倍爱宝”宝宝成长记录仪a1,,,,,,,,,23,,https://item.lenovo.com.cn/product/1003091.html,,
100115,,,,,,,,,,下架,,,,,,,,,38018884,,,服务,电脑服务,延保,thinkpad+电池+延长1年基础保修,,,办公,,,,仅限ThinkPad+X/T系列机型，出厂电池部件保修延长1年,,5987,商务人士,https://tk.lenovo.com.cn/product/1001835.html,,
100116,,,,,,,,固态硬盘,,下架,,,,,,,,,16009229,,,电脑配套设备,电脑组件,硬盘,固态硬盘升级服务+128g(ngff接口),,,,,,,,,37,,https://item.lenovo.com.cn/product/1003271.html,,
100117,,,,,,,,,,下架,,,,,,,,,38018846,,,服务,电脑服务,延保,thinkpad+2年基础保修（上门）（e/s/r/l）,,,,,,,ThinkPad+E/S/R/L增加1年基础保修（含180个城市有限上门服务）;到货后3个工作日内完成注册保修服务，客服电话：4008901566转5,,100,,https://tk.lenovo.com.cn/product/1001845.html,,
100118,thinkplus,黑色,,,,,,,,上架,,,,,,64,,,36002951,,,电子产品,其他数码产品,u盘,thinkplus+指纹优盘+fu100（64gb）黑色,,,办公,,,,,,3,商务人士,https://tk.lenovo.com.cn/product/1003496.html,,
100119,microsoft,,,,,,,,,上架,,,,,,,,,38018828,,,软件,应用软件,office正版,microsoft+365+个人版1年,,,,,,,,,269,,https://item.lenovo.com.cn/product/1001854.html,,
100120,,,,,,,,,,上架,,,,,,,,,102001709,,,服务,电脑服务,清洁,笔记本深度拆机清洁服务（到店）,,,,,,,不限品牌（苹果除外）为笔记本提供保养维护服务，包含拆机，风扇，键盘、屏幕、机身表面等，到店使用,,32767,,https://item.lenovo.com.cn/product/1003565.html,,
100121,拯救者,,,,,,,,,上架,,,,智能数码,,,,,888018991,,,电子产品,其他数码产品,耳机,联想拯救者电竞耳机+thunder+y480,,,游戏,,,,,,128,,https://item.lenovo.com.cn/product/1001894.html,,
100122,联想,,,,,,,,,上架,,,,联想智能插座,,,,,GY60S91542,,,家装建材,开关插座产品,插线板,联想智能插座,,,,,,,,,33,,https://item.lenovo.com.cn/product/1003566.html,,
100123,联想,,,,,,,,,上架,,,,智能数码,,,,,GXA0S69617,,,电脑配套设备,电脑组件,光驱,联想外置dvd刻录机gp70n,,,,,,,,,21,,https://item.lenovo.com.cn/product/1001897.html,,
100124,,,,,,,,固态硬盘,,下架,,,,,,,,,16009259,,,电脑配套设备,电脑组件,硬盘,256g固态硬盘升级服务ngff(80mm),,,,,,,,,5,,https://item.lenovo.com.cn/product/1003766.html,,
100125,小新,,,,,,,,,下架,,,,,,,,,888019427,,,礼品箱包,包,背包,小新ndc城际双肩包(兑换专用),,,,,,,,,92,,https://item.lenovo.com.cn/product/1002123.html,,
100126,联想,,,,,,,,,上架,,,,智能数码,,,,,888019177,,,礼品箱包,包,背包,联想双肩包q5,,,,,,,,,26,,https://item.lenovo.com.cn/product/1003810.html,,
100127,联想,,,,,,,,,上架,,,,智能数码,,,,,888019293,,,电脑配套设备,电脑外设,鼠标,联想大红点m120+pro有线鼠标,,,,,,,,,73,,https://item.lenovo.com.cn/product/1002253.html,,
100128,联想,,,,,,,,,上架,,,,智能数码,,,,,888019176,,,礼品箱包,包,背包,联想双肩包q3,,,,,,,,,92,,https://item.lenovo.com.cn/product/1003846.html,,
100129,联想,,,,,,,,,下架,,,,,,,,,31080193,,,礼品箱包,包,背包,联想都市简约双肩包b1801+（送电脑远程调修服务）,,,,,,,,,0,,https://item.lenovo.com.cn/product/1002262.html,,
100130,联想,,,,,,,移动硬盘,,上架,,,,智能数码,,2,,,GXB0Q79624,,,电脑配套设备,电脑组件,硬盘,联想+usb3.0+移动硬盘f308+黑+2tb,,,办公,,,,,,69,商务人士,https://item.lenovo.com.cn/product/1003902.html,,
100131,yoga,银色,Intel,,1.6GHz,13.95,512,固态硬盘,,下架,,,323,,,8,,ddr4,81C4CTO1WW,Windows+10+家庭中文版,正版office家庭和学生版2016,电脑,笔记本,笔记本,yoga+银色,,,,13.9英寸,,,,323.0*223.5*13.95mm,0,,https://item.lenovo.com.cn/product/1002296.html,集成显卡,223.5
100132,联想,,,,,,,,,上架,,,,,,,,,102001703,,,服务,电脑服务,维修检测,lenovo+故障检测-上门服务,,,,,,,上门服务为您解决蓝屏死机、系统卡顿，网络配置等软件问题和提供硬件问题解决方案。,,32767,,https://item.lenovo.com.cn/product/1003930.html,,
100133,指思,,,,,,,,,上架,,,,智能数码,,,,,888019658,,,电脑配套设备,电脑外设,鼠标,指思智能指纹鼠标(钛白)(兑换专用),,,,,,,,,0,,https://item.lenovo.com.cn/product/1002708.html,,
100134,联想,,,,,,,,,上架,,,,,,,,,102001705,,,服务,电脑服务,新机开荒,lenovo+新机开荒-上门服务,,,,,,,上门服务，为您解决新机验机服务，系统调试，驱动安装，网络配置等软件问题,,32767,,https://item.lenovo.com.cn/product/1003931.html,,
100135,联想,,,,,,,,,上架,,,,智能数码,,,,,888018994,,,电子产品,其他数码产品,扩音器,联想扩音器+教师小蜜蜂+a660+珊瑚蓝,,,,,,,,,111,,https://item.lenovo.com.cn/product/1002736.html,,
100136,联想,,,,,,,,,上架,,,,,,,,,102001706,,,服务,电脑服务,新机开荒,lenovo+新机开荒-到店服务,,,,,,,为客户解决验机服务，系统调试，驱动安装，网络配置等软件问题,,32767,,https://item.lenovo.com.cn/product/1003934.html,,
100137,联想,,,,,,,,,上架,,,,智能数码,,,,,30120043,,,家用电器,清洁电器,吸尘器,联想hv01车载吸尘器+汽车两用小型沙发宠物毛清洁手持多功能,,,,,,,,,720,,https://item.lenovo.com.cn/product/1002795.html,,
100138,,,,,,,,,,下架,,,,,,,,,102001708,,,服务,电脑服务,安装,pc硬件安装服务（到店）—care服务兑换专用,,,,,,,为用户提供专业的拆机和部件安装服务,,46,,https://tk.lenovo.com.cn/product/1003988.html,,
100139,,,,,,,,,,下架,,,,,,256,,,16009263,,,其他,其他,其他,加速度-超极盘升级e42ls+256g,,,,,,,,,1,,https://item.lenovo.com.cn/product/1002836.html,,
100140,联想,,,,,,,,,下架,,,,智能数码,,,,,888014989,,,配件,充电类,充电器,联想65w方口电源适配器(cn),,,,,,,,,25,,https://item.lenovo.com.cn/product/1004229.html,,
100141,联想,格调黑，典雅金,,,,7.98,,,,下架,,,155.98,,,128,,,PAED0004CN,,,手机整机,手机,手机,联想k5+pro+6gb+128gb+格调黑,6g,128g,,6英寸,,,,155.98*74.98*7.98mm,0,,https://item.lenovo.com.cn/product/1002905.html,,74.98
100142,thinkvision,,,,,,,,,下架,,,,,,,,,61BDGCR3CB,,,电脑配套设备,电脑外设,显示器,联想/thinkvision+23.8英寸1080p高清全金属支架new+x24-20,,,,23.8英寸,IPS,,,,0,,https://item.lenovo.com.cn/product/1004234.html,,
100143,thinkplus,曜石黑,,,,,,,,下架,,,,,,,,,36003062,,,家居用品,厨房用具,杯具,thinkplus+富氢水杯（曜石黑）,,,,,,,,,0,,https://tk.lenovo.com.cn/product/1003083.html,,
100144,联想,灰色,,,,,,移动硬盘,,上架,,,,智能数码,,,,,GXB0H43289,,,电脑配套设备,电脑组件,硬盘,联想usb3.0移动硬盘1t+f309+2.5英寸+灰色+磨砂质感+轻巧耐用,,,,,,,,,1,,https://item.lenovo.com.cn/product/1004265.html,,
100145,联想,,,,,,,,,下架,,,,,,,,,31080196,,,家装建材,开关插座产品,插线板,联想插线板+p22+（送电脑远程调修服务）,,,,,,,,,0,,https://item.lenovo.com.cn/product/1003170.html,,
100146,thinkplus,暗夜黑,,,,,,,,下架,,,,,,,,,36003168,,,配件,充电类,充电器,thinkplus随身充+cta18+5200mah+暗夜黑,,,,,,,,,100,,https://tk.lenovo.com.cn/product/1004294.html,,
100147,thinkplus,,,,,,,,,下架,,,,,,,,,36003081,,,配件,充电类,充电器,thinkplus+口红电源+黑+usb-c+65w,,,,,,,,,0,,https://tk.lenovo.com.cn/product/1003210.html,,
100148,拯救者,,,,,,,,,下架,,,,,,,,,888019903,,,礼品箱包,包,背包,拯救者多功能双肩包p1（15.6英寸）,,,,,,,,,49,商务人士,https://item.lenovo.com.cn/product/1004316.html,,
100149,,,,,,,,,,下架,,,,,,,,,38019017,,,软件,应用软件,office正版,office+365+business商业版,,,,,,,,,190,,https://tk.lenovo.com.cn/product/1003398.html,,
100150,联想,,,,,,,,,下架,,,,,,,,,GY60T70119,,,钟表,表,手表,联想超级飞侠4g定位通话儿童手表（乐迪蓝）整机,,,,,,,,,0,,https://item.lenovo.com.cn/product/1004825.html,,
100151,,,,,,,,,,下架,,,,,,,,,38019018,,,软件,应用软件,office正版,office+365+business+premium商业高级版,,,,,,,,,195,,https://tk.lenovo.com.cn/product/1003405.html,,
100152,联想,,,,,,,,,上架,,,,智能数码,,,,,19120022,,,家用电器,车用电器,行车记录仪,联想隐藏式行车记录仪lhd002,,,,,,,,,0,,https://item.lenovo.com.cn/product/1004835.html,,
100153,,,,,,,,,,上架,,,,,,,,,102001710,,,服务,电脑服务,清洁,笔记本外观清洁服务（到店）,,,,,,,为笔记本提供外观（包含键盘、屏幕、机身表面等）清洁服务，到店使用，支持其他品牌笔记本电脑（苹果除外）,,32767,学生,https://item.lenovo.com.cn/product/1003469.html,,
100154,,,,,,,,,,下架,,,,,,,,ddr4,1011468,,,电脑配套设备,电脑组件,内存,ddr4+2666+4g+nb内存,,4g,,,,,,,0,,https://item.lenovo.com.cn/product/1004983.html,,
100155,小新,,,,,,,,,下架,,,,联想小新智能键盘R1,,,,,888019947,,,电脑配套设备,电脑外设,键盘,联想小新智能键盘r1,,,,,,,,,30,,https://item.lenovo.com.cn/product/1003489.html,,
100156,,,,,,,,,,下架,,,,,,,,ddr3l,1011466,,,电脑配套设备,电脑组件,内存,ddr3l+1600+8g+dt内存,,8g,,,,,,,3,,https://item.lenovo.com.cn/product/1005036.html,,
100157,小新,,,,,,,,,下架,,,,联想小新智能键盘R2,,,,,888019948,,,电脑配套设备,电脑外设,键盘,联想小新智能键盘r2,,,,,,,,,0,,https://item.lenovo.com.cn/product/1003490.html,,
100158,thinkplus,,,,,,,,,下架,,,,,,,,,36003155,,,电脑配套设备,转接器及线材,转换器,thinkplus+usb-c千机+视频转换器,,,,,,,,,2,,https://tk.lenovo.com.cn/product/1005049.html,,
100159,thinkplus,珊瑚红,,,,,,,,下架,,,,,,,,,4XD0T04868,,,电子产品,其他数码产品,耳机,thinkplus+pods+one蓝牙运动耳机（珊瑚红）,,,,,,pods,,,17,,https://tk.lenovo.com.cn/product/1003510.html,,
100160,联想,,,,,,,,,上架,,,,智能数码,,,,,888021237,,,电脑配套设备,转接器及线材,转换器,联想type-c转hdmi/vga+一转六转通用拓展坞c06转换器,,,办公,,,,,,98,商务人士,https://item.lenovo.com.cn/product/1005399.html,,
100161,thinkplus,曜石黑,,,,,,,,下架,,,,,,,,,4XD0T44459,,,电子产品,其他数码产品,耳机,thinkplus+pods+one蓝牙运动耳机（曜石黑）,,,,,,pods,,,26,,https://tk.lenovo.com.cn/product/1003511.html,,
100162,thinkplus,,,,,,,,,下架,,,,,,,,,36003172,,,电脑配套设备,电脑外设,鼠标,thinkplus无线鼠标e3,,,,,,,,,22,,https://tk.lenovo.com.cn/product/1005439.html,,
100163,联想,,,,,,,,,下架,,,,智能数码,,,,,888019710,,,电子产品,其他数码产品,音箱,联想智能k歌影音娱乐一体音响-普通版,,,,,,,,,0,,https://item.lenovo.com.cn/product/1003787.html,,
100164,联想,,,,,,,,,上架,,,,,,,,,102001704,,,服务,电脑服务,维修检测,【lenovo】故障检测-到店服务,,,,,,,为客户解决蓝屏死机、系统卡顿，网络配置等软件问题和提供硬件问题解决方案。,,32767,,https://item.lenovo.com.cn/product/1003933.html,,
100165,联想,,,,,,,,,上架,,,,,,,,,102001708,,,服务,电脑服务,安装,lenovo+硬件安装-到店服务（含显卡、cpu等）,,,,,,,为用户提供专业的拆机和部件安装服务,,32767,,https://item.lenovo.com.cn/product/1003935.html,,
100166,联想,,,,,,,,,上架,,,,智能数码,,,,,GX30L45607,,,产品套装,电子产品套装,键鼠套装,联想kn100无线键鼠套装,,,办公,,,,,,35,商务人士,https://item.lenovo.com.cn/product/1003980.html,,
100167,,,,,,,,,,下架,,,,,,,,,38014240,,,服务,电脑服务,恢复,远程数据恢复服务预付—（care服务兑换专用）,,,,,,,联想远程数据恢复，恢复成功率高达92%，不成功不收费，此产品购买前请先联系在线客服。【特别说明】服务范围：+机械硬盘、U盘、SD卡；+服务内容：+1.误删除+；2.误格式化；+3.误装系统+；4.提示未格式化；+5.U盘数据丢失；+6.磁盘变成RAW属性；+7.分区丢失；+8.回收站清空；+9.分区转换导致文件丢失；10.内存卡数据丢失；11.电脑只剩C盘；12.提示文件或目录损坏；13.其他情况造成的文件丢失。电话：4009908888按4按5按2,,43,,https://tk.lenovo.com.cn/product/1003990.html,,
100168,小新,,AMD,,2.2GHz,18.9,512,固态硬盘,,下架,amd,,,,,8,,,81QY0000CD,Windows+10+家庭中文版,正版Office家庭和学生版,电脑,笔记本,笔记本,小新+潮7000+14.0英寸轻薄笔记本+极光银,,,,14英寸,,潮,,,0,,https://item.lenovo.com.cn/product/1004115.html,集成显卡,
100169,拯救者,,,,,,,,,下架,,,,,,,,,888020765,,,礼品箱包,包,背包,拯救者多功能双肩包+p1（17.3英寸）,,,,,,,,,0,商务人士,https://item.lenovo.com.cn/product/1004118.html,,
100170,联想,,,,,,,,,下架,,,,智能数码,,,,,dsp20190308,,,其他,其他,其他,联想车载汽车功放dsp音频处理器,,,,,,,,,0,,https://item.lenovo.com.cn/product/1004173.html,,
100171,联想,,,,,,,,,下架,,,,智能数码,,,,,GX20K11835,,,配件,充电类,充电器,联想45w墙插式电源适配器,,,,,,,,,0,,https://item.lenovo.com.cn/product/1004230.html,,
100172,联想,,,,,,,,,下架,,,,智能数码,,,,,888014990,,,配件,充电类,充电器,联想90w笔记本电源适配器(方形dc),,,,,,,,,4,,https://item.lenovo.com.cn/product/1004231.html,,
100173,thinkvision,,,,,,,,,下架,,,,,,,,,61C7MCR1CB,,,电脑配套设备,电脑外设,显示器,联想/thinkvision+27英寸ips技术支持壁挂商用办公电脑显示器s27i,,,,,,,,,0,,https://item.lenovo.com.cn/product/1004235.html,,
100174,thinkvision,,,,,,,,,下架,,,,,,,,,61BBMCR6CB,,,电脑配套设备,电脑外设,显示器,联想/thinkvision+t22v+21.5英寸+升降旋转+电脑显示器,,,,21.5英寸,IPS,t,,,0,,https://item.lenovo.com.cn/product/1004237.html,,
100175,thinkvision,,,,,,,,,下架,,,,,,,,,61C4HCR6CB,,,电脑配套设备,电脑外设,显示器,联想/thinkvision+22.5英寸16:10商用电脑办公显示器s23d,,,,,,,,,0,,https://item.lenovo.com.cn/product/1004240.html,,
100176,联想,,,,,,,,,上架,,,,智能数码,,,,,888012500,,,电脑配套设备,电脑外设,键盘,联想有线键盘k5819(中国-黑),,,,,,,,,75,,https://item.lenovo.com.cn/product/1004247.html,,
100177,联想,,,,,,,,,上架,,,,智能数码,,,,,888019294,,,电脑配套设备,电脑外设,鼠标,联想大红点m120+pro无线鼠标,,,,,,,,,113,,https://item.lenovo.com.cn/product/1004249.html,,
100178,联想,,,,,,,,,上架,,,,智能数码,,,,,888019784,,,产品套装,电子产品套装,键鼠套装,联想kn101无线键鼠套装,,,,,,,,,123,,https://item.lenovo.com.cn/product/1004252.html,,
100179,联想,,,,,,,,,上架,,,,智能数码,,,,,888016627,,,电脑配套设备,电脑外设,鼠标,联想多功能鼠标m300(黑),,,,,,,,,27,,https://item.lenovo.com.cn/product/1004253.html,,
100180,联想,,,,,,,,,下架,,,,智能数码,,,,,GXA0M42562,,,电脑配套设备,电脑组件,光驱,联想刻录光驱db75+plus,,,,,,,,,2,,https://item.lenovo.com.cn/product/1004254.html,,
100181,联想,,,,,,,,,下架,,,,智能数码,,,,,888012501,,,电脑配套设备,电脑外设,键盘,联想有线键盘k5819(中国-白),,,,,,,,,0,,https://item.lenovo.com.cn/product/1004255.html,,
100182,联想,灰色,,,,,,移动硬盘,,上架,,,,智能数码,,,,,GXB0K82813,,,电脑配套设备,电脑组件,硬盘,联想usb3.0移动硬盘2t+f309+2.5英寸+灰色+磨砂质感+轻巧耐用,,,,,,,,,7,,https://item.lenovo.com.cn/product/1004262.html,,
100183,thinkplus,魅惑红,,,,,,,,下架,,,,,,,,,36003167,,,配件,充电类,充电器,thinkplus随身充+cta18+5200mah+魅惑红,,,,,,,,,0,,https://tk.lenovo.com.cn/product/1004293.html,,
100184,,,,,,,,,,下架,,,,,,,,,31082931,,,服务,电脑服务,清洁,联想清洁套装c01,,,,,,,天然提炼，不含酒精，易挥发，强力去污，清洁彻底，不留水痕，无腐蚀性，可保持屏幕光洁明亮，并在屏幕表面形成一层保护涂层，防止产生静电，使屏幕不易吸附灰尘。手机、Pad、液晶屏等多设备通用。,,0,,https://item.lenovo.com.cn/product/1004296.html,,
100185,,,,,,,,,,下架,,,,,,,,,38015137,,,服务,电脑服务,延保,thinkpad+延长2年基础保修（t/x/a）,,,办公,,,,延长2年保修，全国联保、原厂部件、免费维修。,,892,商务人士,https://item.lenovo.com.cn/product/1004377.html,,
100186,,,,,,,,,thinkplus多档折叠支架,下架,,,,,,,,,888020693,,,配件,支架,支架,拯救者铝合金散热支架z2,,,,,,,,,15,,https://item.lenovo.com.cn/product/1004532.html,,
100187,,,,,,,,,,下架,,,,,,128,,,16009233,,,其他,其他,其他,加速度-超极盘升级c80ls+128g,,,,,,,,,59,,https://item.lenovo.com.cn/product/1004834.html,,
100188,联想,,,,,,,,,下架,,,,智能数码,,,,,888021232,,,电脑配套设备,转接器及线材,转换器,联想+c02+type-c转hdmi/vga二合一通用拓展坞+投屏接电视投影仪,,,,,,,,,2,,https://item.lenovo.com.cn/product/1004939.html,,
100189,,,,,,,,,,下架,,,,,,,,ddr4,1011469,,,电脑配套设备,电脑组件,内存,ddr4+2666+4g+dt内存,,4g,,,,,,,0,,https://item.lenovo.com.cn/product/1005002.html,,
100190,,,,,,,,,,下架,,,,,,,,ddr3l,1011465,,,电脑配套设备,电脑组件,内存,ddr3l+1600+4g+dt内存,,4g,,,,,,,11,,https://item.lenovo.com.cn/product/1005035.html,,
100191,thinkplus,,,,,,,,,下架,,,,,,,,,36003161,,,配件,充电类,充电器,thinkplus随身充+全球旅行充电器(jy-304)黑,,,办公,,,,,,1,商务人士,https://tk.lenovo.com.cn/product/1005046.html,,
100192,thinkplus,,,,,,,,,下架,,,,,,,,,36003154,,,电脑配套设备,转接器及线材,转换器,thinkplus+usb-c超薄扩展坞,,,办公,,,,,,0,商务人士,https://tk.lenovo.com.cn/product/1005048.html,,
100193,摩托罗拉,琥珀咖,,,,8.7,,,,下架,,,160.1,,,128,,,PAFS0001CN,,,手机整机,手机,手机,motorola+p50+6gb+128gb+琥珀咖,6g,128g,,,,p,,160.1*71.2*8.7mm,0,,https://item.lenovo.com.cn/product/1005106.html,,71.2
100194,thinkplus,,,,,,,,,上架,,,,智能设备,,,,,4XH0W00969,,,家装建材,灯饰,台灯,thinkplus自然光谱台灯智雅版,,,,,,,,,5,,https://tk.lenovo.com.cn/product/1005107.html,,
100195,yoga,灰色,Intel,8,3.1GHz,,3,机械硬盘+固态硬盘,,下架,amd,radeon,,,,32,2,ddr4,F0E50018CD,Windows+10+家庭中文版,正版Office家庭和学生版,电脑,台式机,台式机,yoga+a940-27icb+英特尔酷睿i9+一体式台式机+灰色,,,办公,27英寸,,a,,,0,商务人士,https://item.lenovo.com.cn/product/1005145.html,独立显卡,
100196,联想,,,,,,,,,上架,,,,,,,,,31086100,,,产品套装,电子产品套装,键鼠套装,联想有线键鼠套装mk618（送电脑远程调修服务）,,,,,,,,,129,,https://item.lenovo.com.cn/product/1005156.html,,
100197,拯救者,,,,,,,,,上架,,,,,,,,,888021829,,,配件,其他配件,配件垫,拯救者电竞鼠标垫+speed+max+b款,,,,,,,,,181,,https://item.lenovo.com.cn/product/1005288.html,,
100198,thinkplus,,,,,,,,,上架,,,,,,,,,4XD0T33015,,,电子产品,其他数码产品,音箱,thinkplus+超薄蓝牙音箱,,,,,,,,,0,,https://tk.lenovo.com.cn/product/1005292.html,,
100199,thinkplus,,,,,,,,,下架,,,,,,,,,36003174,,,产品套装,电子产品套装,键鼠套装,thinkplus无线键鼠套装ec200+–+冰川白,,,办公,,,,,,0,商务人士,https://tk.lenovo.com.cn/product/1005438.html,,
